Lotto 6/49


7351                                 07 08                                        16                                                                                        34                                      42 43
7350   01 02                              08                                                                                                  28                                 35                                                          47
7349                                                                                                                      24 25                                        33             36                  40                       45
7348                                      08                                 15 16                                                  26                                 33                       38
7347                                 07                                      15                                           24                  28                  32        34
7346             03             06                                                16                                                                    30                                      38             41
7345   01                  05                                                                              21                                                                                             40             43 44
7344                                                               13                            19 20               23                                                     34                                 41
7343                       05                  09        11                                                21                            27                  31
7342                  04                                                          16                                                                                                            38                       43                  47        49
7341   01                       06                                                               19                                                               32                       37                            43
7340                                                                                                       21 22               25        27        29                                      37
7339             03                                           12        14             17                                                                                                                                                    47        49
7338                                                                              16                            22             25                            31 32                    36
7337             03                       08        10                                                               23                                                                                                       44        46
7336             03             06                                                                                                            28             31        33                                                               46
7335             03             06                            12                                                                    26 27                                                                                                              49
7334                       05                       10                  14                                                                                             33 34                                                                 47
7333             03                                                                                   20                            26                                                     37                                      45        47
7332                            06        08                            14                                                               27        29 30
7331                                                10        12                  16                                                     27                                           36                  40
7330                                           09                  13             16 17                                                                                                         38                                 45
7329                                                                                                       21 22               25                                                                         40                                 47        49
7328   01 02                                                                                     19                            25                                                     36                                 43
7327                            06 07                                             16        18                                                                                             37                  41
7326                                                                                                            22 23                                   30                                                     41                       46 47
7325                       05 06                    10                       15                                                                                                       36                            42
7324             03                                           12                                                                    26                                                36 37 38
7323        02                       07             10                                      18                                           27        29
7322                       05                                                                         20                                                               33                                      41 42               45
7321                       05                  09 10          12 13                                                                                                                                                 42
7320                  04                       09 10                                                                                          28                                                          40                                      48
7319                                      08 09                    13        15                                                                                                                 38                                                48
7318                                           09                  13                  17                                      25                            31                                                41
7317        02                                                12        14                                 21                                                                                        39                                                49
7316        02             05                                      13 14 15                                                                                                                          39
7315                                           09                                                               22 23               26                                                               39                                                49
7314   01                                                                                        19                                 26                            32                            38             41
7313                                                     11                       16                                                                                   33                            39             42        44
7312                       05                                 12 13               16                                 23 24
7311        02                                      10                                           19                            25                       30                            36
7310             03                  07 08 09                                                                             24                                                                                        42
7309   01                                                                                                  21                  25        27                       32                                                                         47
7308                            06        08                            14                                      22                                                          34                            40
7307        02                  06                            12                                                          24                                 31                       36
7306                       05             08             11                                                                                                  31                                                     42                            48
7305                            06                       11        13                                      21                  25                                                                                        43
7304   01                  05                                                15                                                25                                                                                             44                       49
7303                       05                       10        12                                                                                        30                                 37                                                     48
7302   01        03             06                            12 13 14
7301                                      08                                 15                                      23                                                                                                  43        45        47
7300                                 07                            13                                      21                                      29        31                       36
7299             03 04               07 08                              14                                                          26
7298                                           09             12                                           21                  25                                                                                             44                  48
7297                                           09 10                    14                                                          26        28                                                                                             47
7296                                 07             10                                                     21 22                                                                                                    42             45
7295                                                                                                                           25 26                              32                            38 39                                   46
7294   01                       06                                           15                                                     26             29 30
7293                                           09                                                                                   26                       31                                           40                       45             48
7292                                                                    14                       19 20                                                                                                                             45             48 49
7291             03                            09                                                                                                                                     36             39                  43                  47
7290                  04        06                       11                       16                                      24                                                                                   41
7289                                                10                                                20                            26                                 33                  37 38
7288                                                                                   17                                      25 26 27                           32                       37
7287             03                                 10                  14                                                                                                                                                         45        47        49
7286   01                  05                            11                                                                                                                                     38                  42                  46
7285        02                                      10                                                          22                  26                       31                                           40
7284                  04                                                14                                                     25        27                                                                              43 44
7283                                                                                                       21        23                                           32                                                               45 46 47
7282             03                            09                                                                                                  29 30          32                                                                         47
7281             03                                                                                                  23                       28             31                                                     42                  46
7280                                                                                                                                     27                            33                       38                       43        45        47
7279             03                            09                                                                                   26                       31                                                     42        44
7278                                      08                                                                    22                                           31                                                          43        45                  49
7277                                           09                                                19 20          22                       27                                                                                   44
7276                                 07                            13                                           22                                      30                                      38 39
7275        02                                                12                                 19                                                               32                                 39                       44
7274   01                                                                                   18                                                               31                            37                       42 43
7273   01                  05                                           14                                                          26                                                                                                  46 47
7272                                 07             10                                                20                                                30                       35                  39
7271                                                                                                  20                                           29                  33 34                         39             42
7270                  04                                                                                             23                                                     34             37                                      45 46
7269                                      08                            14 15                                                                 28                                                          40                            46
7268             03                                 10                       15                                                                         30 31                                                                                          49
7267                                                                                        18                  22                       27                  31             34                                                               47
7266                                                     11                                           20 21                              27                                                          39                                 46
7265                                      08             11                                 18                                      26                                                                                             45                  49
7264                                                     11                  15                  19                                      27 28                                                                                     45
7263                  04                                           13 14          16                                                                                                            38                                           47
7262                            06 07                                                  17                                                               30                                           39                                                49
7261                                 07                                      15        17             20                                                                              36                                                          48
7260                                                10                                                                                                            32        34        36                                 43        45
7259                                                                                   17 18                                                                 31                       36                            42 43
7258             03                  07                                                                    21                            27                       32                                                               45
7257                                                10        12                                                                                   29                                      37        39                            45
7256        02             05                                           14                                                                                                            36                  40                  44
7255                                                          12                                                                                                                 35 36 37            39 40
7254                            06                            12                       17             20                                                          32                                                                    46
7253        02             05                                                                                                  25 26 27                                                                                            45
7252                            06                       11                                           20                  24                                      32 33
7251                       05                  09        11             14                                                                                                       35 36
7250                            06                                           15                       20                  24                                                34                                           43
7249                       05 06 07                                                                                                                                                        37             40                                           49
7248             03                                                13 14                    18                                 25        27
7247                            06 07                                                                                     24                                 31             34                                      42
7246   01                                                                                        19                  23                                      31             34                                                44
7245                                                                         15                                                     26                                 33 34                    38                            44
7244        02                                                               15                                                          27             30                                 37                                                47
7243                                                          12 13 14                                               23                                                33             36
7242                                                                    14                                                                              30        32                  36                  40                            46
7241                                                     11             14                  18        20                                                30                                                     41
7240                                                10                                      18                  22                                                32                  36                                           45
7239                            06        08                                                     19                                      27 28          30
7238                                 07                       12                                                          24                            30        32                                                                    46
7237             03                                                13                                                                                                       34                  38        40             43
7236                                                                                   17                  21 22                                                                                                              44 45 46
7235             03             06                                 13                                                                              29                                                                    43             46
7234             03                                 10        12                       17                            23        25
7233             03                            09                  13 14               17                                                                                             36
7232                       05                  09                                                                                                       30 31                                                            43                            49
7231                       05                                 12        14                                                                              30                            36 37
7230        02                                                                              18        20                                                30                                           39                                      47
7229                                                          12                                                          24 25               28                  32                       37
7228                                                10                                                                                                            32        34        36 37          39
7227                                                                                             19 20 21                                                         32                                                42 43
7226                                                                                                                      24 25                                        33        35             38                       43
7225                                                10                                                                                        28                                 35                  39        41                       46
7224                                 07                  11                  15                                                               28                  32 33
7223        02                                                     13                                      21 22                                   29                            35
7222                                                                                   17             20             23        25             28                                                                                                       49
7221        02                                                12                       17                       22                                                          34                                           43
7220                            06                       11             14                                                                    28                                                                                        46        48
7219             03        05                                 12 13                                                       24                                                                    38
7218                                                               13        15                                                               28                            34             37                  41
7217   01                                 08                                                                              24                                                                                                  44        46             49
7216                                                     11                                                21        23                                                                    37                                 44                       49
7215                                                          12                                                22 23 24                                          32                                                                         47
7214                       05                                                                    19        21                                                                         36             39        41
7213             03 04                                   11                                                                                                  31                                                41                            47
7212                                                          12                                                          24                            30             33                                                43             46
7211                                                                              16             19                                                     30                                                          42        44                       49
7210                                                                                                                      24                  28        30                       35                                      43        45
7209                                 07 08                                                                 21                                           30                                           39                                      47
7208                            06                                 13                  17                                           26                                      34                                      42
7207                                                                              16             19                                           28                            34                       39             42
7206                                                                                                                 23                                                     34 35                                   42        44                       49
7205   01                                                                              17                  21 22                    26                       31
7204                                                10 11 12                                                    22             25                                                     36
7203                                                                                        18             21 22                                                                                               41 42               45
7202                       05                            11                                                                                                            33                       38                            44        46
7201                                 07             10                                 17                                 24                                           33        35
7200                  04 05                              11                                      19                                                     30                                                               43
7199                                                                                        18                                                                    32                                 39             42        44 45
7198                                                                         15                       20                       25             28                                                                                   45                  49
7197        02             05                                                                                                  25                       30        32                                                                                   49
7196                                 07 08                                             17                                                                                        35 36                                                  46
7195                                      08                                      16        18                                                     29                  33                                 40
7194                       05 06               09                                                               22                                                                    36 37
7193                       05             08 09                                                                                25                                                35             38
7192                                           09                                                     20                                                     31                                 38                  42                            48
7191   01 02                    06                  10                                                                                        28                                           37
7190                                      08                                                                    22                       27                                                          39                                 46             49
7189                  04                                                                              20                  24                                 31 32                                                                                48
7188                                                10 11          13                                 20                                 27                                                                                                            49
7187        02             05                                           14                                                                                                                 37                       42 43
7186   01                                                                                        19                                           28             31        33                       38
7185             03 04               07                                                                                                                                               36 37 38
7184        02                                      10                       15                                                               28                       33                                                                              49
7183                       05                                                15                  19        21                  25 26
7182                            06                       11                                      19                                      27                  31                                                                                        49
7181   01                                                                                                       22 23 24                                                                                            42        44
7180                                                                              16                                 23                  27                                      35             38                            44
7179                                 07                                                                    21                  25                  29                                      37        39
7178                  04 05               08        10                                                               23                                                                                                       44
7177                            06                                           15                       20 21                              27                                                               40
7176                                                                         15                                                25                  29                                      37        39        41
7175                                                                              16 17               20                                                     31                  35                                                45
7174             03        05                                                15                       20                            26                                                36
7173                                                                                   17        19                                                                              35                  39                                 46        48
7172                                                                                        18                  22 23                                             32                  36             39
7171                                                                                                                      24 25                         30                                           39                       44        46
7170                            06                       11                                 18        20                                      28                            34
7169   01                                                               14                            20                                                                                                  40 41          43
7168        02                                 09 10                              16                                                     27                                                                                                            49
7167                                                                    14                            20 21          23             26                                                                                                                 49
7166             03                                 10 11          13                       18                                                                         33
7165                                           09                                           18                            24                            30 31                                                                                     48
7164             03                  07             10                                                                                             29                                                     40                            46
7163   01                       06 07                                                                                                              29                                      37 38
7162   01        03                                 10                       15        17                                                                                                                                     44
7161        02             05 06                                                            18                                                                                        36             39
7160                  04             07                                                          19 20                                                                                          38                                      46
7159             03        05 06          08                                 15                                                                                                                                     42
7158                                                                                                  20        22                  26                            32                                                          44 45
7157                                                                                                       21                                           30                       35 36 37 38
7156             03                                                                    17 18          20                                           29 30
7155                                 07             10                                                               23 24                                                                                                                        48 49
7154                                      08        10 11                              17                                                                                             36                                                46
7153                                                                                   17        19             22             25                            31                                 38
7152        02 03               06                                                     17             20                                                30
7151                  04                                                          16                       21                                           30                                                               43                            49
7150                                 07 08                                                                           23                            29        31                                                          43
7149                                                                                                                                          28        30        32                  36                  40                                      48
7148                                           09             12                                                                              28                                                          40        42             45
7147                       05                                 12                                                                                                  32        34        36             39
7146                                                                                                  20                                                30        32        34                                           43                       48
7145                                                                                                                                26        28        30                                                40                  44                       49
7144                            06                  10                                                                              26                                      34                            40             43
7143                                 07                  11                            17 18                                                            30                            36
7142   01                                                11                                      19                                 26                                                                              42        44
7141                                                10 11                                   18                                 25                                                                              41                       46
7140                                                     11                                      19                       24                                 31             34                                                     45
7139        02                                                12                       17                                 24                                                                                        42 43
7138                  04                                      12                                                                                        30                                      38                                      46        48
7137                                      08        10                       15                                                                              31                                      39                                           48
7136             03                            09                                                               22                                                     33                                           42 43
7135        02        04                  08                                                                                             27                  31                                                                                   48
7134                                 07                            13        15        17                       22                                                                                             41
7133                                                               13                                 20 21                                   28        30                       35
7132                                                                                                                                26        28                                 35             38        40                                           49
7131                                                          12             15                  19                                                                                   36                                                     47        49
7130             03                                                                    17             20                                                                                                            42 43               46
7129        02                                                                                                       23                                      31             34        36             39
7128                            06        08                                           17                       22                                                                                        40 41
7127        02                                                               15                  19                            25                  29                       34
7126                                           09        11             14                                                                    28                                      36                                                          48
7125                                           09                  13                                 20                                                                                        38             41                                      49
7124             03                                 10 11          13                                                     24                                                                              40
7123                  04        06                  10                                                                    24        26                                                                                        44
7122                                                10                            16                                                     27                       32                                                               45                  49
7121                                      08                            14                            20                  24        26                                                                    40
7120        02                                                12                                 19                       24                                                     35             38
7119   01                            07                                                                                             26                                                36 37               40
7118   01                                                                                             20                                                                         35 36                                        44             47
7117                            06                            12        14                            20 21                                                                                     38
7116        02                                                12             15 16                                                                                               35                       40
7115   01                                                11                                                21 22                                             31                                                41
7114                       05 06                                             15 16                                                                                                                             41                                 48
7113                       05                                      13             16                                                                                                       37             40             43
7112                                      08        10                                      18                                 25                                                                              41                                 48
7111                       05                                           14                       19                                                     30                       35                  39
7110                                                               13                       18                                                                    32        34        36             39
7109                       05                                                          17             20                  24                                                                                        42        44
7108                                                          12                       17             20        22        24                                                                                                  44
7107                                           09 10                                                                                                                                                 39             42        44 45
7106                                 07                                                                         22                                                                              38        40                       45             48
7105                            06             09             12                                                                    26                                                                                             45 46
7104                       05                       10             13                                 20 21                                   28
7103        02                  06                                                     17                                                                                             36        38             41
7102   01                                                               14                  18                            24                                                     35                                                45
7101             03                                                          15        17                       22                                 29                                                                                             48
7100                                                               13 14                                             23                                                               36                                 43                       48
7099             03             06                                                                    20                                                                                             39                       44 45
7098                                      08                  12                                                     23        25 26                                                                                                         47
7097   01 02                                                                                     19                                                29                  33                                      41
7096   01 02                                                            14                                                          26                  30                                                                                             49
7095                  04 05                                   12                                                          24                                                          36             39
7094        02                  06                  10                                      18             21 22
7093                  04 05 06                                12                  16                                                                                                                                               45
7092                       05                            11                                           20                                           29                            35                                           44
7091                                                                              16                                 23                  27                       32 33                    37
7090        02                                      10                                 17                                           26                            32                       37
7089                                      08                                                               21        23                                 30 31                                                            43
7088        02        04                                                                                   21                                                     32                                      40                                           49
7087             03                                      11                                      19        21                            27                                                                                   44
7086                                                          12        14                  18                                                          30                  34                  38
7085        02                                                     13                  17                            23                                           32                                           41
7084             03                                                          15                                                          27                                 34                                                     45 46
7083   01                       06                            12                                                                                                                      36 37                                                            49
7082        02 03                         08                  12                       17                  21
7081        02                                                                         17                                           26 27                         32                                      40
7080                                                               13             16                            22                                      30                                      38                            44
7079                                           09                                      17                  21                                                          33        35        37
7078   01                                                          13                                                                                                            35 36                         41                            47
7077   01                                                                              17                                                                         32                                 39             42 43
7076                                                                                                       21                       26                                                36             39                            45                  49
7075             03             06                                                          18                                 25                  29                                                          41
7074                       05        07                            13                                                          25                  29                                                                                             48
7073        02                  06                                 13                       18        20                                                                                                                                     47
7072                                                                              16                       21                                                31 32                    36                                           45
7071   01 02                                   09                  13                       18                                                28
7070                                      08             11                                      19        21                                 28                                 35
7069                                                     11                                 18 19                                        27             30                                           39
7068                       05        07                                                               20             23                       28                                                                    42
7067                                                                    14        16        18                       23                                                     34                            40
7066                                 07                            13                  17             20                                                                         35                                      43
7065   01             04 05                                                                                                         26                                                                    40                            46
7064                  04                                                          16 17          19                                                                    33                                      41
7063                                                10 11                                                            23                  27                       32                  36
7062        02                                                12                                                                                             31                                      39        41        43
7061                                      08                  12        14        16                       21                                                                                                                                          49
7060                  04                                      12                                      20             23 24                                                                                                                             49
7059                                      08                       13                                           22                                                          34                            40                                 47
7058   01        03                                                                                   20        22                  26 27
7057                                 07        09                                                          21        23                                                     34                  38
7056                                                               13                                                                                   30             33                                           42                       47 48
7055                  04                                      12 13 14                                          22                                                32
7054                            06 07 08                      12                       17                  21
7053        02                                                                              18        20 21                                                                                                                                  47        49
7052             03                                      11             14             17                                                               30                                                                                        48
7051   01                                           10                                                                                                                                                    40                            46        48 49
7050                                                                                   17                  21                                 28                  32                                           41        43
7049        02                       07                                                     18                                                                              34                                      42 43
7048   01                                                                                                  21             24                                 31             34                            40
7047        02                  06                                                                    20                                                                                   37 38                                                  48
7046                                      08                       13                                                23                  27                                                     38                            44
7045                                                     11                                                                                        29                       34 35               38                                 45
7044                                                                                                                                          28                       33                            39             42                       47        49
7043                                      08                       13                  17                            23 24                    28
7042                       05                                                                         20                                                30 31                    35                                      43
7041                                 07                                                     18                                                                    32 33                              39                       44
7040                                                10 11                              17                                      25                                 32                                                                         47
7039                  04             07        09                                                                                                                 32 33                                                                 46
7038                                           09        11                       16                                                                                   33                       38                       43
7037                                 07                                                                                        25                       30 31                                                       42                  46
7036        02                                           11                                 18                                                                         33                  37                                           46
7035                                                                                        18                                                                                                            40        42 43          45                  49
7034   01 02                                                  12             15                                                                                                                 38                            44
7033                            06                                                                         21                            27        29                                                     40                                      48
7032                                                          12                            18                  22 23                         28                       33
7031                                                                                                                                     27             30                       35                                 42                       47 48
7030                                                                         15                                           24                                                34             37        39                                                49
7029        02        04                                                                                                                 27        29                                                                    43                  47
7028        02 03                                   10                                                                                                                                36        38                  42
7027        02                  06                                                                                             25 26                    30                                                          42
7026                                 07                  11        13             16                                           25                                                                                                                      49
7025        02             05        07                                                     18                       23                                           32
7024        02                  06                                                                                             25                  29        31                                                               44
7023                                                                                             19                                                29                                                39                            45        47        49
7022        02                  06                                 13                                                                    27                                      35                                           44
7021                                                10 11 12                 15                                                                                             34                                                                         49
7020        02                  06                                           15                                                                                                                 38                       43                            49
7019             03        05                                                                                                            27             30                                      38                       43
7018                                                                                   17        19                  23 24          26                            32
7017        02                                 09             12                       17                                           26                  30
7016                                                               13 14                                                  24        26             29                                                                                                  49
7015                  04                                      12                                                                                             31                                      39        41                                 48
7014                                                10                                                     21        23 24                    28                                                                                                       49
7013        02             05                                                     16                                                                                                                                42 43          45
7012                                                          12                       17                                      25             28                                                                    42                       47
7011                  04             07                                                                                                       28 29                                                                                     46        48
7010                                                               13             16                                                26                  30                                                                              46             49
7009                  04             07        09                                                               22                                                                    36                                                               49
7008        02                                                     13             16                            22                                                                    36 37
7007                                                          12             15        17                                                                                   34                       39                                 46
7006                  04                                 11 12                                                                                                              34             37                  41
7005                  04                            10             13                                      21 22                                                                                                                                       49
7004   01                                                                         16        18             21                                                                                                                           46 47
7003                                 07             10                  14                                                               27                                                                    41                  45
7002                            06 07                    11                                      19 20                                                                                                                                       47
7001   01                            07        09                                      17        19                                                                                                                                                    49
7000   01                                 08                                                                                                                                          36 37                         42                            48
6999                                                     11                                 18        20                            26                                                     37                                                47
6998                                                     11             14 15                         20                                                                                             39                                 46
6997                  04                                                                    18                                                                              34                            40                  44 45
6996        02                  06                            12                            18                                                                                                  38        40
6995                                                                                                            22                                                32                  36                       41        43                       48
6994                            06 07                                                                                                                             32                                      40             43                            49
6993                       05                       10                                 17                                                                                                                      41             44                  48
6992   01 02                                                       13                                                                                   30                                 37                                                47
6991                                                          12             15                            21        23             26                                                                         41
6990                                           09                                                               22                                 29                                           38                       43 44
6989             03                                                                         18 19 20                                     27 28
6988        02             05                                           14                                      22 23                              29
6987                                 07                                                                                   24                       29                                 36                                      44        46
6986        02                                                     13                  17                                           26                                      34                  38
6985                  04                                                                         19 20               23                       28                                                                                                  48
6984        02             05             08 09                                                                                                         30                                                          42
6983                                                10                                                                         25 26          28                                                                              44        46
6982                                                                         15             18                                                28        30                                 37                                                          49
6981                                      08                                                               21             24                                      32                       37                                 44
6980                       05                                                                                                            27        29                  33                                 40                  44
6979        02                                                     13                  17                                                                                             36                                           45                  49
6978                  04                                 11                  15                            21                                                                         36                       41
6977                       05                       10                  14                       19                                                29 30
6976                                                          12                  16                                                          28             31                  35                                                          47
6975                            06 07                                                                           22                            28 29                                                                                     46
6974                  04                                                     15                            21             24                                                               37                                                     48
6973                                                               13        15                            21             24                                                                    38                                 45
6972                                                                    14                                 21                                                                    35        37                                      45                  49
6971                  04                                                14 15                                        23                       28                                                                              44
6970                  04                                                14                                                     25             28                                           37                                 44
6969   01        03 04                                                                           19                  23                                                                                   40
6968                                                                         15 16                    20 21               24                                                               37
6967                                                          12                                           21                       26                                                                    40                  44             47
6966                                           09                            15                                                25             28                                                38                            44
6965             03 04                                                  14                                                                    28             31                                                     42
6964        02                                                                         17                                                                         32                                 39                                      47        49
6963                                                                    14                            20                            26                                      34                  38                                      46
6962                  04                                                          16                                      24                       29 30          32
6961                  04                            10             13                                                                                                                 36                                 43                  47
6960                                                10                  14                                      22                       27             30        32
6959                  04             07                                                                                   24                                                     35 36                                                       47
6958                       05             08                                                                    22 23                                                                      37                                 44
6957        02                                 09                                      17                                                          29                                 36                                                          48
6956                       05        07                                      15        17                                                                    31                                                                                        49
6955                                                                                                                                26        28                       33                                      41        43                  47
6954                                 07 08                                                                                24                            30                                      38                                           47
6953                  04 05                                                                 18                                 25                            31                                 38
6952             03                                                                              19                                      27 28                                        36                                 43
6951                       05                                      13                  17                                                                                             36             39                                      47
6950                            06                                                                                                                      30                                      38                                      46        48 49
6949                       05                                                15                                                                                        33                            39 40          42
6948                                           09                                                19                                                                                        37                  41                       46 47
6947                                           09                                 16 17 18                                               27                                                                    41
6946        02                                      10                                 17                       22                            28                                                                    42
6945                                                               13                  17                                                                    31                            37                                 44                       49
6944                                                                                   17 18                                                                 31                       36                                 43                            49
6943   01                                 08 09               12                                                                                                                           37                                                          49
6942                                                                                                                           25        27 28                    32 33                                                                           48
6941   01                  05                  09                                                                    23                                                     34                                                44
6940                       05        07                                                               20                                           29                  33                                                               46
6939                                 07        09                                                          21                                                     32                                 39                                 46
6938                                                               13 14                                                                                               33             36 37                                                            49
6937        02                  06                            12                                                                                                       33             36                                                     47
6936                                                                    14                                                                                   31        33 34                                   41 42
6935                                 07                  11                                           20                       25                       30                                                                              46
6934                                      08                                                                                   25                                                                              41        43             46        48
6933                  04                                                               17             20                                                                         35 36          38
6932                                                                                   17                                                               30 31 32                      36             39
6931        02                       07        09                                                                         24             27             30
6930   01                  05                            11                                                                         26                                                36                                      44
6929        02                  06 07                                                                                23                  27                                                                                                  47
6928                       05                                                     16             19        21 22                                                  32
6927                                                                                                  20        22             25 26                    30                                                                                   47
6926        02                                                                    16                                                                                                  36             39                       44                       49
6925                                      08                                      16                                 23                                      31                                 38                  42
6924                  04 05                    09        11                       16                                                                                                                      40
6923                  04                                 11                  15                                                25                                                     36                                                               49
6922                                                          12                                 19             22                                                32                  36                                                     47
6921                       05                       10                                           19                                           28                       33                            39
6920                       05                  09             12                       17                            23                                                                                                       44
6919                                                                                                                                26                            32 33          35                                      43             46
6918                                           09                  13             16 17                                             26 27
6917                       05 06          08                                                                                                                                                         39             42                            48
6916                  04                                                                                             23                                                                                   40 41 42                                48
6915   01                                                11 12                                        20                                                                                                  40                       45
6914   01                  05        07                                                                    21 22                                                                           37
6913                                                                    14                                                                    28                  32                                 39                                           48 49
6912                       05                  09                                      17                  21 22               25
6911   01                                                     12                            18                                                                              34                       39                                                49
6910                                                                                   17 18 19                      23                                                                         38             41
6909                       05                  09             12                                                                                                                      36        38                                                48
6908                                                                                                            22                                                32 33 34                      38                            44
6907                                           09                                      17                                                                                   34                                      42        44 45
6906                       05             08                                 15                       20                  24                                                                                                                 47
6905                                                                                   17                            23                                                                                   40 41          43        45
6904                                      08                                                     19                                      27 28                                                            40             43
6903                       05             08                                                18                                                                                                       39 40               43
6902        02                                                     13                                      21                       26                       31                  35
6901   01                                                                         16 17          19                                                                                             38                                                48
6900                                 07                  11 12                                                                 25                                                          37                                                     48
6899                                           09                                      17                                                                                        35                            41                  45        47
6898                                                     11 12                    16                                                                         31                            37        39
6897        02             05                                                                    19 20                                   27                                                                                                            49
6896                                 07                                           16                                 23 24                                                                      38                                           47
6895                                           09                                                          21                                                                              37 38          40                                 47
6894                            06                                                                                                                 29        31                                           40             43                       48
6893                            06                                 13                                      21                                                                         36                                           45        47
6892                  04        06                                                          18                                                          30                                                                                   47 48
6891        02                                                               15        17                                                                    31             34 35
6890                       05 06                                                       17                            23                            29                                                                                                  49
6889                                      08                                                     19                                                               32                       37                                 44             47
6888                                                                                                                      24                                 31        33 34                                                  44                       49
6887        02                       07                  11                  15                                                                                                                                41                       46
6886   01                       06                       11 12                                                                                28                                 35
6885                                 07 08                    12                  16                                                                                                                      40                                      48
6884                       05        07                                                               20                                           29                                                                              45             48
6883                  04                                                          16        18                                                                         33 34                                                            46
6882        02                       07 08                                                                                                                        32                                           41                  45
6881        02 03                              09                                                                                        27                                                     38                                      46
6880                                      08                                      16                                                     27 28                                                  38                                                     49
6879   01                                                                         16                                                     27                  31                                 38                  42
6878                                           09        11             14 15                                                                                          33                                                                              49
6877        02        04                                                                                                            26 27                                             36                                           45
6876                                 07                            13                  17                                                          29 30                                             39
6875                       05                                                                                                                                     32 33                    37                                                47        49
6874        02             05 06                         11                                                                                                                                          39                       44
6873                       05        07             10                                                                         25                                                                              41             44
6872                                                10                                 17                                           26        28             31                                                                              47
6871                                                          12                                      20             23                  27                                 34 35
6870                       05 06                                        14                                                                                                            36                  40                                      48
6869                                 07        09 10                                                                                                                                                      40 41                    45
6868   01                            07                  11                                                                                             30             33                                                               46
6867             03                                                     14                                                                              30                                      38                                 45        47
6866   01             04                                 11                                                                                        29                       34                                                44
6865                                                                         15        17                                           26                       31                  35                                                     46
6864                  04                       09                                                          21                                      29                                                                    43             46
6863                                                10                                           19                                                                                                                      43 44 45                      49
6862             03                                 10             13        15                                      23                                                     34
6861             03                                           12                                 19                                                          31                                           40             43
6860                                                               13                                                                         28                            34                                           43 44 45
6859   01                            07                                                          19        21                  25                                                     36
6858             03                            09                                                     20                                                                              36                            42                                 49
6857             03                       08                                                                                                                                                         39 40 41            43
6856                                      08                  12             15                            21                                                                         36                            42
6855   01                                                                         16                  20 21                                                                                               40                  44
6854                       05                                                                                                            27             30             33        35                  39
6853                                                                                        18        20                                                                              36 37                                   44        46
6852                                                10 11                                                  21                                                     32        34                                                                    48
6851   01             04                            10                                                                                        28        30                                                                                             49
6850        02                                                                                                                                                                        36                       41 42               45 46
6849                                 07             10                                                                                                                           35             38             41                  45
6848                                                10             13                                           22                  26                                                                                   43                       48
6847   01                                                     12                       17                            23        25                                                               38
6846   01                                                                                                                                27             30        32                                                42                            48
6845                                                               13        15                       20                            26        28                                      36
6844                                                                    14                                                24        26                                 33 34                                                                      48
6843                            06                                      14        16                                      24                  28                                                                              44
6842   01                                                          13                                                               26                                                                    40                       45                  49
6841                                                10             13 14                                             23                                                                                   40                  44
6840                                                                    14                            20        22                  26                                                                                                       47 48
6839                                                                                        18                                                     29        31                  35                       40                            46
6838                       05             08                                                     19                                           28                                                               41                       46
6837                  04                                                                                                  24                                                34                       39 40                    44
6836                                 07                                      15                                                     26        28                       33        35
6835             03             06        08        10             13                                                                                                  33
6834                                                                    14                                                          26                                                     37                  41        43                  47
6833   01 02                                                                                18                  22                                                                                             41                                 48
6832                                      08             11                                 18                  22                                                                              38                                                     49
6831                                                                    14                                           23                                                     34                       39                       44 45
6830                                                                                                                           25                            31 32 33                                                         44 45
6829             03                                 10 11                                                                                               30                                                40                                      48
6828             03                            09             12                                           21                                      29                                                                    43
6827                                 07                                                                    21                                                31                                                          43        45                  49
6826                                      08             11             14                                                                                                                 37 38                                                  48
6825                                                                              16             19                                                29                                 36                                                46 47
6824                  04                                                     15                                      23                  27             30                                                     41
6823        02                                 09        11                            17                                                     28                                                               41
6822                                      08                                      16                                      24             27                                                                    41             44
6821        02 03          05                                                                                                                                                    35             38                                      46
6820   01 02               05 06                    10                                           19
6819                                                     11 12               15                                                25                                 32                                                     43
6818   01             04                                           13                       18                                                                              34                                                               47
6817                                                                    14                                                                              30                            36 37          39                                      47
6816                                                     11        13                                 20             23                                                                         38 39
6815                                                                              16             19                            25                                                               38                       43        45
6814   01                                                          13             16                  20                                                                              36                                                          48
6813                  04                                                                              20                       25 26                                                                      40                                           49
6812                  04                       09                            15                                                                                                  35                                 42        44
6811        02                                                               15                  19                                                               32                                                          44 45
6810        02                                                                                             21                  25                                                     36 37          39
6809             03 04                                                       15                                                25                  29                                                39
6808                                                                              16        18                                                          30        32                  36        38
6807             03                                 10                                                     21                       26                       31                                           40
6806                  04                                                                                                       25        27        29 30          32
6805   01        03             06                                                                                                  26                                                                                                  46        48
6804                       05                  09                                                               22                                                                                   39                            45        47
6803                            06                       11                       16                                                                         31        33                                                          45
6802                            06                                                          18             21                                 28                                      36                                                          48
6801             03                                           12 13               16                                      24                                                                                                                           49
6800                  04                       09                            15                                                                                   32        34                            40
6799                       05        07        09                                                     20                                           29             32
6798                                                                                   17             20                  24                  28        30                       35
6797        02             05                                                               18                                                     29                                                39                                 46
6796                                           09                                                19                                                                         34                  38                  42                            48
6795                                                10                  14                                                     25                            31                                 38        40
6794        02                                                                                   19                  23                                                33                                           42                       47
6793        02                            08                                                18                                           27                                                               40                       45
6792        02             05 06                                   13                                                                                             32                                 39
6791                                                                                             19                                                     30                  34                            40        42                       47
6790   01 02                                                                      16 17                                                                                               36                                                          48
6789                                 07                                                               20             23        25                  29                                                                    43
6788                       05                                                                              21             24        26                                                                              42        44
6787        02                  06 07                                                                                     24                                                               37 38
6786                                                          12                       17                       22             25                       30                                                                                   47
6785                       05                                                                    19             22                            28                                                                         43                  47
6784                       05        07                                                                    21             24             27                                                37
6783                  04                                                                                                            26                  30             33                            39                                 46
6782                            06                       11                  15                                                     26                                      34                                                     45
6781                                                     11                       16        18                       23                  27                                                                         42
6780                                                     11                                           20                  24                                                                    38             41                       46
6779        02                                                12        14                                                                              30                                                                              46        48
6778        02                                                     13                            19                                                                    33                  37                                                     48
6777                            06 07                              13                  17                  21                            27
6776                                      08                                                                    22                  26                                                36                  40                                 47
6775                  04 05                                                            17                       22                  26                                                          38
6774        02                                                                                                                                28                                 35                                                     46 47 48
6773                                 07             10        12                       17                                                                              33                                                43
6772                                                          12                       17                  21                       26        28                                                                                                       49
6771        02 03                    07        09                                                                         24                       29
6770        02                  06                            12             15                                                                                                       36 37
6769                       05                                 12                                      20                                      28                                                                                                  48 49
6768                       05        07             10                            16                                                                                                                                                         47 48
6767                                      08        10                  14                                                     25                                 32                                           41
6766                                 07             10             13                                      21             24                                                                                        42
6765                            06 07          09                                                                    23                  27 28
6764                                      08             11        13 14                         19                            25
6763                                 07        09 10                                             19                                                                                                                           44             47
6762                                 07                                                          19                                                                    33                                           42                       47        49
6761                                                10                  14 15                                                                                               34        36                  40
6760                                           09                       14             17                       22                                                                         37                                                          49
6759   01                                                     12 13                                                                                                    33                                           42                            48
6758        02                                 09                                 16                                                                                                            38 39                                                  49
6757                                                10                                                20                  24                            30                  34                                                          46
6756   01             04                                                               17                       22                                                                                   39                  43
6755   01                                                                                                  21             24                                                34             37        39
6754                                                     11             14        16                                      24        26                                                               39
6753                       05                                                     16             19        21                       26                            32
6752                                                                         15             18                  22                                           31             34                                                                         49
6751             03                            09                                                19                                           28                  32                            38
6750                                      08                       13        15                                                                                                       36             39        41
6749                                 07                                 14                                 21                                 28                  32                                                          44
6748        02                                                          14                            20                                                                    34                  38        40
6747                  04                            10                                                                                                  30             33        35                                                     46
6746                                                                                                                           25                  29 30                         35             38 39
6745             03                                                                                                       24                       29                       34        36                                           45
6744                                                                                                  20                                 27 28                                                  38             41                                      49
6743             03 04                                                                                                                   27             30                  34                                                          46
6742                                                          12             15                                           24             27                                 34                                                                         49
6741                                                10                            16        18                                      26                  30                                                     41
6740                                                               13                       18             21                                                                                   38 39                              45
6739                                                               13 14                    18             21                                      29                                                                              45
6738                       05                                                                                        23                                 30                                                                                   47 48 49
6737                                 07                                                17 18 19                                                    29                                                                         44
6736                  04                                      12                                                                         27 28               31                                      39
6735        02                                                     13                                           22        24                       29                                                                                             48
6734                                                10                                                20                            26                                           35                  39                                 46
6733                                      08             11        13                       18                                                                                   35                                      43
6732                  04                       09 10                         15                                                                              31                                                               44
6731                  04             07                            13                                 20                                                               33                                                                              49
6730                                                     11                            17                                      25        27                                 34                                                                    48
6729                                                          12        14 15                                                                                                    35        37                                                47
6728                                                                                   17                  21                                 28 29                                                  39                  43
6727   01             04 05                                             14                  18                                                                                                       39
6726                                                                    14                       19                       24             27                                                                         42                       47
6725                                                          12        14                                 21                  25                                                                                                  45                  49
6724                  04                                      12                                           21                                                                                   38        40        42
6723                                 07                                      15                            21 22                                                                 35                                                                    49
6722                  04                                      12                  16                       21             24                       29
6721                                           09                  13 14                    18                                                               31        33
6720   01                                           10        12                                                     23                            29                                           38
6719                                      08 09               12                                      20                                      28                                                                              44
6718             03 04 05                                               14                  18        20
6717                  04 05                                                            17                                                          29             32                                                42
6716             03                                                               16                                                26                       31 32                                                                      46
6715                                                     11                                                     22        24                  28                                 35                                                45
6714        02                                                                                   19                       24                                                          36             39                            45
6713        02        04                                                                                                                                               33        35             38                  42
6712   01                                                     12 13                                                       24                                      32        34
6711   01                                           10                            16                                                26                                      34                                                               47
6710        02                                                                                        20             23        25                                      33                                                43
6709                            06             09                                                                         24                  28                                                                         43                       48
6708   01             04                                                                         19 20                         25                                                                              41
6707   01                  05                                           14             17                                           26                                                                                                       47
6706             03                  07                                                                                   24        26                                                          38                                                48
6705        02                                                12                                                                                        30        32                                      40                                      48
6704                                                                              16                       21                                      29                                 36        38             41
6703        02 03                                                                           18                  22                                                     33 34
6702        02                                                                                                                      26 27          29                                                          41                       46
6701        02                                                                                                                           27                                 34 35                                                  45        47
6700             03                                      11 12               15                                 22                                                32
6699        02                                                                                                                 25                                                35                  39                            45             48
6698                                                     11                       16                                      24        26             29        31
6697        02             05                                                                                             24                       29                            35                       40
6696                                           09                                 16 17 18            20                                                                                        38
6695        02 03                                             12                       17                                                                                                            39                                      47
6694             03                                                                    17                                                27                       32 33          35
6693                                           09                                                     20 21                                                                                          39                       44                  48
6692        02                                      10 11                                                                 24                            30                                                                         45
6691                                 07 08                                        16                                                     27                                      35                                                     46
6690                  04             07                                                                                        25                       30                                                     41             44
6689                                 07 08               11                                                                                   28                                                               41                                      49
6688                            06                                           15                                                                                   32        34                                      42                                 49
6687                                      08                            14                                           23                                 30                                                          42        44
6686                            06                                                                    20 21                                                                           36                       41                       46
6685                                                                         15                            21                            27 28 29                                                                   42
6684   01                  05                                                                                                                                                                                  41        43 44          46
6683                                 07                       12                                      20                       25                                                               38                                                48
6682   01                       06                            12             15                            21                                                                                                       42
6681                                                               13                                 20                            26        28                                                     39                            45
6680             03                                           12                                                          24             27             30                                      38
6679   01                       06        08                                                                                                                                     35             38                                                     49
6678   01        03                                                                              19        21        23                                                                    37
6677                                           09                  13 14               17                                      25                                                                         40
6676                                      08                                 15                            21                                      29        31                                                     42
6675                            06                                                                    20                                                                    34             37                  41                                 48
6674                            06                                      14                                                24                                                                              40 41                              47
6673                                 07                       12             15                                                                                                  35                                 42                       47
6672                                                10                                      18                                                     29                  33 34                                                       45
6671   01                  05             08                                                                                                                                          36 37 38
6670                                      08                                                                         23        25                                                     36             39                                                49
6669             03 04                                   11                            17        19                       24
6668        02                                 09                                 16                                                          28                                                     39                            45
6667   01                                 08                  12                                                22                       27                                                                                        45
6666                                                                                                                                          28        30 31                              37                                                47        49
6665                                                          12             15                            21                                      29 30                                             39
6664                                      08                                 15                                           24                                                                                   41                       46        48
6663             03                                                                    17                       22             25                                                                                   42 43
6662                  04                                                                    18             21                  25                  29                       34
6661                                                                                                                           25 26 27                           32                                                          44                  48
6660                                                                                             19             22 23               26             29                                                                              45
6659             03                  07                                                                                                                           32                                           41        43             46
6658                                                10        12                                                          24        26                                                     37                                 44
6657                                                                         15 16                                                                                                         37 38 39                 42
6656                            06                  10                                                                                                                                36 37                         42                                 49
6655                                 07        09                                           18 19                                             28                                 35
6654                                 07                                                17                            23 24                                                                           39             42
6653                  04                                 11                                                     22                       27                                                37                                                     48
6652                                                                                             19                       24                                 31                                                                         46 47 48
6651                                 07        09                                                                    23                  27                            33                            39
6650        02             05                                                                    19                                           28                                                     39                       44
6649                                                     11                                                21 22                                   29                                                39             42
6648                                                          12                            18                  22                            28 29          31
6647                                                                    14 15          17                                                27                                                     38             41
6646                            06             09             12                                                          24                            30                                                40
6645   01                                                          13                            19             22        24                                                                                   41
6644   01                  05        07                  11        13                                                                                                                                     40
6643                            06        08        10                                                                                                                                                    40 41                         46
6642   01                                           10 11          13                       18                                                                                                                                     45
6641                            06                       11                                 18             21                                                                              37                  41
6640                  04 05                                                                                     22                                 29                            35                                                               48
6639   01                                                          13                                                                                        31                                 38                       43                            49
6638                                                                                   17                            23             26        28                                                               41                                 48
6637                                                10                       15             18                                      26                            32                                      40
6636                  04 05               08                                                18                                                                                                            40                       45
6635   01                       06                       11        13                                           22                                                                                                                      46
6634                                                                                        18             21                  25                                      33                       38                                                48
6633                                 07 08                    12                            18                                                                                             37                            43
6632   01                                                                         16                                      24                                                               37                                 44        46
6631                                 07                            13                                      21                  25                                 32 33
6630   01                            07                                                                    21        23                                           32                                                42
6629   01        03                                                                                                                           28                            34                                           43        45
6628                                                                                   17 18                    22                                           31                                                     42                  46
6627                  04                                                     15                  19                       24                                                                                   41                                 48
6626   01                                                               14                                                24                                 31                                                     42                       47
6625                                 07             10                                      18 19                                                                                35                  39
6624                                                               13 14                                                                                               33                       38                       43        45
6623        02 03               06 07                                                                                                                                                                                    43 44
6622                            06                                           15 16                                   23                                                          35                                                     46
6621        02                                                                                                                                          30             33                                      41                  45 46
6620             03                                                          15                            21        23                       28                                                                                        46
6619   01             04                            10                                           19 20                                                                                                              42
6618                                                                                                                                          28 29 30                      34 35               38
6617                  04                       09                                      17                       22                                      30                            36
6616                                                          12                       17                                           26                       31                                                41        43
6615             03             06                  10                       15                                      23                            29
6614                       05 06          08        10             13             16
6613                  04                       09                                                                              25                       30                                           39                                      47
6612                  04                                      12             15                       20        22                                                     33
6611                            06        08                  12                                                22                                                32                  36
6610                  04 05                                                                                          23                  27                       32                  36
6609                                                10                                           19                                           28                       33 34               37
6608                                      08                                                18 19 20                                                                             35                  39
6607                                 07                                 14                                                          26                       31 32                                                       43
6606                                                          12                                      20 21          23                                                33                            39
6605                                                               13                                      21                                 28 29                         34 35
6604   01                                 08        10                                                          22 23                         28
6603                                                          12 13                                             22                                           31             34                                                44
6602                                 07                       12                                                                                                                 35                  39             42                  46
6601                            06                                                16                                                26                                                36        38                                      46
6600                                                10                                                               23             26             29             32                                 39
6599                                                                    14             17        19                  23                       28                                                                              44
6598             03                  07                  11                       16                                                                                        34                                                               47
6597        02                            08                       13                                      21 22                                        30
6596                       05                                 12                                 19                       24                                           33                                                          45
6595   01                                 08             11                                                                         26                                                     37                                                47
6594   01             04                                                          16                                                                         31                       36                                           45
6593                  04                  08                                                18                            24                       29                                                                                        47
6592        02 03                                                                                                                                                 32 33                                             42        44
6591                                                                                   17                                                          29                  33                                 40             43                            49
6590             03                                 10                                           19                                                                    33                       38                            44
6589   01                                                                         16                                           25                                           34        36             39
6588        02                                                          14                                                                              30                  34                                                44                       49
6587                                                                    14                       19                                                29                            35                  39                                      47
6586                                           09 10                    14                                           23        25                                                                                             44
6585             03                                                13                                                                                        31             34                                           43                  47
6584                                                                                   17        19 20                    24                                                                                                            46        48
6583   01 02                                                                                                              24                            30                                                                              46             49
6582   01                                                                         16             19        21 22                                                                           37
6581             03 04                                                  14                                                                                   31                                                41                       46
6580             03                                                                              19 20                                   27        29                                                     40
6579   01 02 03                                                                                                 22        24                                                                                             43
6578   01 02                                                                 15                                                                                                       36                       41                                      49
6577                                                                              16                                                          28                                                38 39                         44 45
6576             03                                                     14 15                                   22                                                                                             41                       46
6575                       05                                                          17                                                                    31                                                41 42                         47
6574                                                     11                                      19                       24                       29                                                39                                                49
6573             03                       08                                                               21        23                                                          35             38
6572                                                                                                                                                    30                       35                                      43        45 46          48
6571             03                                                                                                  23                                                     34                                 41                  45                  49
6570                       05                                      13        15                                                     26                                                     37                       42
6569        02 03               06                                 13        15        17
6568                                                                                             19             22                                 29        31             34                                      42
6567                                      08        10             13                                                                                                                 36                                      44             47
6566             03                                                               16                                      24                                                                                        42                  46             49
6565                                                10 11                                                                 24             27                  31                            37
6564             03                                      11                  15                                 22                                                                                                       43 44
6563                       05                                                                                                                                31                                                     42 43 44                           49
6562        02             05                                                                                                            27                                           36                                 43                       48
6561                                                                                                       21        23                                                                         38 39          41                            47
6560   01                                           10 11                                                                           26                  30                                                                    44
6559   01                  05                       10        12                                                                                                       33                                                          45
6558                  04                                                14        16                                                               29                                 36                       41
6557                       05                                           14                                      22                                                                                                  42             45                  49
6556                       05                                 12                                                               25                  29 30                                        38
6555                                                                                                                                               29             32        34                  38             41             44
6554                                                                                                                                                         31        33             36                       41 42               45
6553                                      08                                           17                                 24        26        28 29
6552                                      08 09                                                                                                         30 31                                                                      45        47
6551                                 07                                                                                                  27             30        32                  36                                      44
6550                            06             09 10 11                                                                                                                               36        38
6549        02                                                                                                                 25                            31             34                  38                                      46
6548                       05                                                                    19                                                                         34                                           43 44          46
6547                                 07                  11 12                    16             19                                                                                                                                               48
6546        02 03          05                  09                                                                                                            31                                                                                   48
6545   01                  05                                                               18                            24                                                                                             43                  47
6544             03 04                                                                                                    24             27 28                                                                                                    48
6543                                      08                            14             17                                                                                                                           42 43                    47
6542        02             05                                                          17 18                                                                           33                                 40
6541                                                                         15                       20                                                          32                       37                            43                       48
6540                            06                  10                       15 16 17                                                    27
6539                                                                                                            22             25                       30                  34             37                            43
6538                                                                                   17 18                                                                                               37                            43        45 46
6537   01                                                                                                       22                                                                         37             40        42                            48
6536             03                  07                                 14                  18                                                                                                            40                            46
6535                  04                                 11                  15                       20        22                       27
6534             03                                                                                   20                       25        27                            33                                                               46
6533        02                                                                              18 19               22             25                                                35
6532             03                                                13             16        18                                                                              34                                 41
6531        02                            08                                      16                                                                    30                            36                                                46
6530                            06        08                            14                  18                                                               31                                                               44
6529                                                                                   17                            23             26                                                                              42                  46             49
6528                                 07                  11                                                                                        29        31        33                                      41
6527                                                                                                                 23                            29        31                            37                  41                                      49
6526                                           09                                                     20                                                                                        38 39               42             45
6525   01                                                                                   18                                                                                        36             39                                      47 48
6524                                                                    14                                      22 23                                                                                          41                                 48 49
6523                                                               13                  17             20                       25                                                                              41                            47
6522                                                               13                  17                                                                                        35                  39                  43                       48
6521                                                          12                            18                                 25        27 28                                                                                                    48
6520        02                  06                                                                              22                                                                              38             41        43
6519                                                     11                                                                    25                                 32                       37                                           46        48
6518        02        04                       09 10                                                                                     27                  31
6517                       05                       10                                                                                                            32             35        37 38
6516                                           09                       14                                                24 25                                                       36                       41
6515                                           09             12                                                                              28                  32                            38             41
6514                                           09                            15                                                                                        33        35                                                          47 48
6513                                      08                                      16 17                    21                       26 27
6512   01                                                                                                  21                  25        27                                                          39             42
6511   01                                                                              17                            23                                                                    37                                      45             48
6510                                                                              16             19                       24 25                              31                                                                              47
6509                                                                                             19             22        24        26 27                                                                 40
6508                  04                                                14                                                24 25 26                                                                             41
6507                                                               13                                 20                                           29                  33                                 40                            46
6506                            06 07                                                                                                                                  33                  37                                      45        47
6505                                                          12 13                              19                            25                                                                         40                                           49
6504                       05             08                                                          20                                                     31        33                                                43
6503             03             06                                           15                       20        22                                                                              38
6502                       05                                                                         20                  24                       29        31                                      39
6501        02                                                                    16             19                  23 24                                             33
6500                                                                                        18 19                                             28                                                                         43 44          46
6499                            06                                                                                        24                            30                                      38 39                                   46
6498        02             05                                                               18                                           27                                                               40        42
6497             03                                                13                                                                         28                  32                            38                       43
6496        02                       07 08                    12                                                                                                  32                                 39
6495        02                                      10                       15                                                               28                                                     39 40
6494                       05             08                                      16 17                                                                           32                       37
6493   01 02                              08                                                                                                                           33                                                               46 47
6492   01                                                     12                                      20                                 27                                                                                   44                  48
6491             03        05             08                                 15                                 22                            28
6490                                                10                                           19                  23        25                                      33                                                               46
6489                                           09 10                                             19                            25        27 28
6488                                 07                                 14                                 21                       26                                                                                                       47        49
6487             03             06                  10                                                                         25                                      33                                                          45
6486                                                10                  14             17                                                27                                                     38                            44
6485                  04                                                14                                      22 23                         28        30
6484             03        05                  09                       14                                                                              30 31
6483                                                                                                                                     27                                      35 36 37            39                  43
6482                  04                                                                              20                            26                       31        33             36
6481                  04                                                                                                                 27        29                            35                            41                                      49
6480                                                                                             19                            25 26          28                                           37                                           46
6479   01 02                                                       13                            19                            25                                                     36
6478             03                       08                                      16                                                26                            32 33
6477                  04                                                          16        18                                      26                       31                                                     42
6476   01                                                                         16        18             21                            27                                                                         42
6475                       05                                                15                       20                       25        27                                                                                                  47
6474                                                                         15                                                               28                                 35                            41             44             47
6473                                                                              16        18                            24 25                                                  35                                                                    49
6472                                                                              16                  20 21                                             30                                           39 40
6471        02                                      10                  14        16                                                                              32                                           41
6470                                                          12        14                                 21        23                       28                                                          40
6469                                                                              16                  20                                 27             30                                      38                                           47
6468                                                               13                                      21        23             26                                                                                   43                  47
6467                                                                    14                  18 19                                                       30 31          33
6466                                      08                  12                                           21        23                                                                                   40                                      48
6465                                                                                   17                                 24 25                                   32 33                                        41
6464                                                     11             14        16                                 23                                                                                   40                            46
6463                                                                                                                 23                       28 29          31        33                                           42
6462                       05                                           14                                 21                            27                  31                                      39
6461                                                     11                                                21                            27 28               31                                      39
6460                                           09                                           18 19                                                                                                    39                                      47        49
6459                                                          12                                      20             23        25 26                              32
6458             03             06                                                                                   23        25                                                35 36
6457                                                     11             14                                 21                                                                                        39        41        43
6456                                                                                        18                  22                  26                  30 31                                                            43
6455        02             05             08                                      16                                                                                                       37 38
6454             03                                 10                            16                                                                                   33                       38                                                48
6453                                           09                                      17                  21             24             27                                 34
6452                                                     11 12          14                                                          26                                                          38                                                48
6451             03                                           12                       17        19                            25                                                                              41
6450        02        04                                                                                        22                  26                       31                  35
6449   01                  05        07                                                                                        25             28                  32
6448   01                            07                  11                            17                       22                                                                              38
6447                                      08                                                                                                       29 30                                             39                       44                  48
6446             03 04                    08                                                                                                                                                              40             43             46
6445   01                                                11                       16                                           25             28                                                                         43
6444                                           09             12                       17                                 24                                                                                                       45             48
6443                       05 06 07                 10                                                                                                                                36                                                46
6442                                      08        10                                                               23 24 25                                                                                                                          49
6441             03             06                                           15                            21                                                     32                                                          44
6440                       05                  09                                                                                        27                            33                            39                       44
6439   01                            07                                                17                                           26        28                                                                                        46
6438                            06                                 13                                                                                        31             34        36                  40
6437   01                                      09             12                                      20                                                          32                                                               45
6436                  04                                      12                            18                  22                       27 28
6435             03                                 10                                 17                       22                                                                         37             40
6434   01        03 04                                        12                                 19                                                                                                       40
6433             03                                                13                            19                                                                              35                       40             43
6432                                      08                                                                                                            30        32                       37                  41        43
6431                                                                                                                                                                             35                            41 42 43                           48 49
6430   01                                      09                                                                              25                                                                              41 42                              48
6429             03                                                     14                                                                                                                 37                  41                  45                  49
6428                                 07        09 10                         15                                                                         30                                                                              46
6427                  04                                 11                            17                            23                                 30                            36
6426                  04                                                          16                                           25        27                  31                                                                         46
6425                            06        08 09                                                                      23                                                                                                       44                       49
6424                                 07                                      15                                      23                                                                         38                                           47        49
6423                  04                                                               17                                      25                       30                                                               43                  47
6422        02        04                                                               17        19                                                          31                            37
6421                                                     11                                      19                                                                                                  39                                      47 48 49
6420                                                          12             15 16                                                                                                              38 39                    43
6419                  04                                      12                  16                                                26                                      34 35
6418                                           09                       14                            20 21               24             27
6417                                                10                       15 16               19                                      27                                                     38
6416             03 04                                                                                                                        28                                           37 38                         43
6415                                                          12             15                  19                                                     30                                                                         45        47
6414   01                                      09                                      17                                                               30 31                                   38
6413                            06                                                                                   23                                                                    37                  41        43             46
6412   01                                                                                   18                                           27                                 34                  38                                      46
6411                                      08                                                                                                  28                  32                  36 37               40
6410   01        03                  07                                                17                                                          29                            35
6409                                                                                                       21                                 28 29                                                  39                            45                  49
6408                                                     11                       16                                           25                                                               38                  42        44
6407                                                10                                 17                            23             26                  30        32
6406                                           09                  13                                                23 24                                                                      38                            44
6405             03                                                13                            19                            25                                                                         40        42
6404   01        03                                                                                   20                                                                                             39                                      47        49
6403   01                                           10 11                         16                  20 21
6402   01                                                                                                       22                                                32 33                         38                            44
6401        02                  06 07                                                                                23                                                               36                                                               49
6400                                      08 09                              15                            21                                                          33                                                43
6399                                                                    14                       19                                      27                                                37                  41                  45
6398             03                                                13 14                                                            26                                                     37 38
6397                                                                         15                            21                       26                                 33                       38                       43
6396                            06        08        10                                                                                                  30             33                                                                         48
6395   01                                                11                       16                            22                       27             30
6394                            06                       11                            17                       22                                                                                                  42                                 49
6393                                 07                                                                    21        23                            29                  33                       38
6392        02             05                                                               18 19                    23                                                                                                            45
6391                                      08                       13 14                              20                            26                                                                    40
6390                            06                                 13        15                                           24                  28                                                                                                       49
6389   01                                                                                        19 20                    24 25                                                                                41
6388                       05                       10                                 17        19                                                                                        37                                                47
6387   01                                                11                                      19                                 26                                      34        36
6386   01                                                          13                                           22                                                32                                                42                  46
6385                            06                                                                                             25                                 32             35                            41             44
6384                                 07                                                                                                  27                                                                              43             46 47          49
6383                  04             07                                                                    21                                                               34                                                               47        49
6382                                                               13             16 17                                                                                                         38                                 45 46
6381                            06                            12             15                                                                                                                 38 39 40
6380   01                                                                                   18        20                  24                                                                                                            46 47
6379                       05 06                                                  16             19                                      27                                                                                                            49
6378                  04        06                                           15                                                                                                  35                                      43 44
6377        02                            08                                                               21                                           30                                           39                                 46
6376        02                                      10                                           19             22                                           31                                 38
6375                                 07             10                                                                         25        27                                      35                       40
6374        02                                                          14        16                            22                  26                                                                    40
6373                       05                                                          17                            23                                                               36                                                     47        49
6372                                 07                                           16                                           25                  29                                                                                   46        48
6371                            06                            12             15                                                          27                                                                    41 42
6370                            06                                                               19 20                         25                                                                              41        43
6369                                                10 11                    15 16                                        24 25
6368                  04                                                14                                                                    28                                                          40                       45                  49
6367                                                10        12                                      20                                                          32             35        37
6366                                           09        11                       16             19                                                     30                                                                              46
6365                                                                                                            22 23                                                  33                                 40 41                         46
6364                                                     11                       16             19             22 23                                                                                39
6363                                           09                            15                                                                         30        32                            38                  42
6362   01                                                                                             20                                           29                                                                    43 44 45
6361                                           18        21                                                          36 37                  43 44
6360                  10                                                                              33        35           38 39                            48
6359        07                    15                     21        23                                 33                                                           49
6358                  10                  17        19                       25                                        37 38
6357                  10          15 16                       22                  26                                              39
6356        07             12   14 15                                                       30                               38
6355                  10                                 21             24                                      35                     40                     48
6354             08                                 19                            26   29        31                                         43
6353   01                                      18                                                          34                                       45   47        49




                                        www.multipasko.pl © 2004 - 2026
